Workbook

Sheet raw_data
A1: year | B1: month | C1: total_demand | D1: avg_daily | E1: peak_demand | F1: min_demand | G1: avg_temp | H1: spike_days | I1: days_in_month | J1: year_month | K1: season
A2: 2022 | B2: 1 | C2: 39500.8 | D2: 1274.2 | E2: 1628.4 | F2: 905.4 | G2: 34.2 | H2: 1 | I2: 31 | J2: 44562 | K2: {=_xlfn.SWITCH(monthly_demand[[#This Row],[month]], 12,"Winter",1,"Winter",2,"Winter", 3,"Spring",4,"Spring",5,"Spring", 6,"Summer",7,"Summer",8,"Summer", 9,"Fall",10,"Fall",11,"Fall", "")} -> Winter
A3: 2022 | B3: 2 | C3: 34307.2 | D3: 1225.3 | E3: 1553.5 | F3: 876.1 | G3: 38.4 | H3: 0 | I3: 28 | J3: 44593 | K3: {=_xlfn.SWITCH(monthly_demand[[#This Row],[month]], 12,"Winter",1,"Winter",2,"Winter", 3,"Spring",4,"Spring",5,"Spring", 6,"Summer",7,"Summer",8,"Summer", 9,"Fall",10,"Fall",11,"Fall", "")} -> Winter
A4: 2022 | B4: 3 | C4: 33894.8 | D4: 1093.4 | E4: 1302.7 | F4: 754.6 | G4: 51.4 | H4: 0 | I4: 31 | J4: 44621 | K4: {=_xlfn.SWITCH(monthly_demand[[#This Row],[month]], 12,"Winter",1,"Winter",2,"Winter", 3,"Spring",4,"Spring",5,"Spring", 6,"Summer",7,"Summer",8,"Summer", 9,"Fall",10,"Fall",11,"Fall", "")} -> Spring
A5: 2022 | B5: 4 | C5: 29682.8 | D5: 989.4 | E5: 1260.9 | F5: 743.8 | G5: 62.6 | H5: 1 | I5: 30 | J5: 44652 | K5: {=_xlfn.SWITCH(monthly_demand[[#This Row],[month]], 12,"Winter",1,"Winter",2,"Winter", 3,"Spring",4,"Spring",5,"Spring", 6,"Summer",7,"Summer",8,"Summer", 9,"Fall",10,"Fall",11,"Fall", "")} -> Spring
A6: 2022 | B6: 5 | C6: 29738.7 | D6: 959.3 | E6: 1308.3 | F6: 655 | G6: 71 | H6: 2 | I6: 31 | J6: 44682 | K6: {=_xlfn.SWITCH(monthly_demand[[#This Row],[month]], 12,"Winter",1,"Winter",2,"Winter", 3,"Spring",4,"Spring",5,"Spring", 6,"Summer",7,"Summer",8,"Summer", 9,"Fall",10,"Fall",11,"Fall", "")} -> Spring
A7: 2022 | B7: 6 | C7: 36689.3 | D7: 1223 | E7: 1440.7 | F7: 878.6 | G7: 82.1 | H7: 0 | I7: 30 | J7: 44713 | K7: {=_xlfn.SWITCH(monthly_demand[[#This Row],[month]], 12,"Winter",1,"Winter",2,"Winter", 3,"Spring",4,"Spring",5,"Spring", 6,"Summer",7,"Summer",8,"Summer", 9,"Fall",10,"Fall",11,"Fall", "")} -> Summer
A8: 2022 | B8: 7 | C8: 43595.7 | D8: 1406.3 | E8: 1783.4 | F8: 1042.7 | G8: 91.1 | H8: 0 | I8: 31 | J8: 44743 | K8: {=_xlfn.SWITCH(monthly_demand[[#This Row],[month]], 12,"Winter",1,"Winter",2,"Winter", 3,"Spring",4,"Spring",5,"Spring", 6,"Summer",7,"Summer",8,"Summer", 9,"Fall",10,"Fall",11,"Fall", "")} -> Summer
A9: 2022 | B9: 8 | C9: 42095.6 | D9: 1357.9 | E9: 1655.2 | F9: 1062.8 | G9: 86.8 | H9: 0 | I9: 31 | J9: 44774 | K9: {=_xlfn.SWITCH(monthly_demand[[#This Row],[month]], 12,"Winter",1,"Winter",2,"Winter", 3,"Spring",4,"Spring",5,"Spring", 6,"Summer",7,"Summer",8,"Summer", 9,"Fall",10,"Fall",11,"Fall", "")} -> Summer
A10: 2022 | B10: 9 | C10: 34658.5 | D10: 1155.3 | E10: 1675.6 | F10: 798.2 | G10: 76.9 | H10: 1 | I10: 30 | J10: 44805 | K10: {=_xlfn.SWITCH(monthly_demand[[#This Row],[month]], 12,"Winter",1,"Winter",2,"Winter", 3,"Spring",4,"Spring",5,"Spring", 6,"Summer",7,"Summer",8,"Summer", 9,"Fall",10,"Fall",11,"Fall", "")} -> Fall
A11: 2022 | B11: 10 | C11: 31489.8 | D11: 1015.8 | E11: 1409.5 | F11: 802.4 | G11: 63.9 | H11: 2 | I11: 31 | J11: 44835 | K11: {=_xlfn.SWITCH(monthly_demand[[#This Row],[month]], 12,"Winter",1,"Winter",2,"Winter", 3,"Spring",4,"Spring",5,"Spring", 6,"Summer",7,"Summer",8,"Summer", 9,"Fall",10,"Fall",11,"Fall", "")} -> Fall
A12: 2022 | B12: 11 | C12: 33516.9 | D12: 1117.2 | E12: 1443.2 | F12: 693.1 | G12: 50.5 | H12: 0 | I12: 30 | J12: 44866 | K12: {=_xlfn.SWITCH(monthly_demand[[#This Row],[month]], 12,"Winter",1,"Winter",2,"Winter", 3,"Spring",4,"Spring",5,"Spring", 6,"Summer",7,"Summer",8,"Summer", 9,"Fall",10,"Fall",11,"Fall", "")} -> Fall
A13: 2022 | B13: 12 | C13: 38520.1 | D13: 1242.6 | E13: 1648.4 | F13: 897.4 | G13: 38.8 | H13: 1 | I13: 31 | J13: 44896 | K13: {=_xlfn.SWITCH(monthly_demand[[#This Row],[month]], 12,"Winter",1,"Winter",2,"Winter", 3,"Spring",4,"Spring",5,"Spring", 6,"Summer",7,"Summer",8,"Summer", 9,"Fall",10,"Fall",11,"Fall", "")} -> Winter
... A37: 2024 | B37: 12 | C37: 40784.8 | D37: 1315.6 | E37: 1705.5 | F37: 917.1 | G37: 39 | H37: 0 | I37: 31 | J37: 45627 | K37: {=_xlfn.SWITCH(monthly_demand[[#This Row],[month]], 12,"Winter",1,"Winter",2,"Winter", 3,"Spring",4,"Spring",5,"Spring", 6,"Summer",7,"Summer",8,"Summer", 9,"Fall",10,"Fall",11,"Fall", "")} -> Winter

Sheet calculations
A1: KPI Formulas
A3: Total Days | B3: =SUM(raw_data!I:I) -> 1096
A4: Avg Daily Demand | B4: =AVERAGE(raw_data!D:D) -> 1211.7028
A5: Peak Monthly Demand | B5: =MAX(raw_data!E:E) -> 2170.3
A6: Min Monthly Demand | B6: =MIN(raw_data!F:F) -> 643.6
A7: Total Demand (MWh) | B7: =SUM(raw_data!C:C) -> 1328272.5
A8: 2024 Avg Daily | B8: =AVERAGEIF(raw_data!A:A,2024,raw_data!D:D) -> 1239.25
A9: 2023 Avg Daily | B9: =AVERAGEIF(raw_data!A:A,2023,raw_data!D:D) -> 1224.2167
A10: YoY Growth % | B10: =(B8-B9)/B9 -> 0.012279961
A12: SUMIFS
A13: Seasonal Demand Breakdown
A14: Season | B14: Avg Daily Demand | C14: Avg Temperature
A15: Summer | B15: =AVERAGEIF(raw_data!K:K,"Summer",raw_data!D:D) -> 1371.4889 | C15: =AVERAGEIF(raw_data!K:K,"Summer",raw_data!G:G) -> 86.677778
A16: Winter | B16: =AVERAGEIF(raw_data!K:K,"Winter",raw_data!D:D) -> 1304.0222 | C16: =AVERAGEIF(raw_data!K:K,"Winter",raw_data!G:G) -> 37.344444
A17: Fall | B17: =AVERAGEIF(raw_data!K:K,"Fall",raw_data!D:D) -> 1124.5111 | C17: =AVERAGEIF(raw_data!K:K,"Fall",raw_data!G:G) -> 64.033333
A18: Spring | B18: =AVERAGEIF(raw_data!K:K,"Spring",raw_data!D:D) -> 1046.7889 | C18: =AVERAGEIF(raw_data!K:K,"Spring",raw_data!G:G) -> 62.033333
A20: What-if scenario model
A21: Capacity Planning - What-If Model
A22: Base Forecast (MWh/day): | B22: =B8*(1 + B10) -> 1254.4679
A23: Growth Scenario %: | B23: 0.03
A24: Demand Spike Buffer%: | B24: 0.15
A25: Required Capacity (MWh/day): | B25: =B22*(1 + B23)*(1 + B24) -> 1485.9173
A26: Current Grid Capacity: | B26: 1500
A27: Capacity Gap (MWh/day): | B27: =B25-B26 -> -14.082723
A28: Capacity Gap %: | B28: =B27/B26 -> -0.0093884817

Sheet forecast
A1: year_month | B1: avg_daily | C1: lower_95 | D1: upper_95 | E1: type
A2: 44562 | B2: 1274.2 | E2: Historical
A3: 44593 | B3: 1225.3 | E3: Historical
A4: 44621 | B4: 1093.4 | E4: Historical
A5: 44652 | B5: 989.4 | E5: Historical
A6: 44682 | B6: 959.3 | E6: Historical
A7: 44713 | B7: 1223 | E7: Historical
A8: 44743 | B8: 1406.3 | E8: Historical
A9: 44774 | B9: 1357.9 | E9: Historical
A10: 44805 | B10: 1155.3 | E10: Historical
A11: 44835 | B11: 1015.8 | E11: Historical
A12: 44866 | B12: 1117.2 | E12: Historical
A13: 44896 | B13: 1242.6 | E13: Historical
... A37: 45627 | B37: 1315.6 | E37: Historical
A38: 45682 | B38: =AVERAGEIFS(raw_data!D:D,raw_data!B:B,1)*(1 + calculations!B10) -> 1350.7189 | C38: =B38*0.92 -> 1242.6614 | D38: =B38*1.08 -> 1458.7764 | E38: Forecast
A39: 45714 | B39: =AVERAGEIFS(raw_data!D:D,raw_data!B:B,2)*(1 + calculations!B10) -> 1297.4392 | C39: =B39*0.92 -> 1193.6441 | D39: =B39*1.08 -> 1401.2344 | E39: Forecast
A40: 45742 | B40: =AVERAGEIFS(raw_data!D:D,raw_data!B:B,3)*(1 + calculations!B10) -> 1137.9714 | C40: =B40*0.92 -> 1046.9337 | D40: =B40*1.08 -> 1229.0091 | E40: Forecast
A41: 45773 | B41: =AVERAGEIFS(raw_data!D:D,raw_data!B:B,4)*(1 + calculations!B10) -> 1033.7066 | C41: =B41*0.92 -> 951.01003 | D41: =B41*1.08 -> 1116.4031 | E41: Forecast
A42: 45803 | B42: =AVERAGEIFS(raw_data!D:D,raw_data!B:B,5)*(1 + calculations!B10) -> 1007.2523 | C42: =B42*0.92 -> 926.67212 | D42: =B42*1.08 -> 1087.8325 | E42: Forecast
A43: 45833 | B43: =AVERAGEIFS(raw_data!D:D,raw_data!B:B,6)*(1 + calculations!B10) -> 1251.8191 | C43: =B43*0.92 -> 1151.6736 | D43: =B43*1.08 -> 1351.9647 | E43: Forecast

Sheet Charts
A3: Average of avg_daily | B3: Column Labels
A4: Row Labels | B4: 2022 | C4: 2023 | D4: 2024 | E4: Grand Total
A5: Jan | B5: 1274.2 | C5: 1344 | D5: 1384.8 | E5: 1334.3333
A6: Feb | B6: 1225.3 | C6: 1312.2 | D6: 1307.6 | E6: 1281.7
A7: Mar | B7: 1093.4 | C7: 1144.2 | D7: 1134.9 | E7: 1124.1667
A8: Apr | B8: 989.4 | C8: 1012.8 | D8: 1061.3 | E8: 1021.1667
A9: May | B9: 959.3 | C9: 1007.1 | D9: 1018.7 | E9: 995.03333
A10: Jun | B10: 1223 | C10: 1258.1 | D10: 1228.8 | E10: 1236.6333
A11: Jul | B11: 1406.3 | C11: 1496.3 | D11: 1527.1 | E11: 1476.5667
A12: Aug | B12: 1357.9 | C12: 1405 | D12: 1440.9 | E12: 1401.2667
A13: Sep | B13: 1155.3 | C13: 1195.2 | D13: 1209.9 | E13: 1186.8
A14: Oct | B14: 1015.8 | C14: 1029.3 | D14: 1084.3 | E14: 1043.1333
A15: Nov | B15: 1117.2 | C15: 1156.5 | D15: 1157.1 | E15: 1143.6
A16: Dec | B16: 1242.6 | C16: 1329.9 | D16: 1315.6 | E16: 1296.0333
A17: Grand Total | B17: 1171.6417 | C17: 1224.2167 | D17: 1239.25 | E17: 1211.7028

Sheet dashboard
A2: Energy Demand Dashboard
B4: Avg Daily Demand 1211.7 | G4: Peak Monthly Demand 2170.3 | L4: YoY Growth % 1.2%
G58: What-If Model
G59: Change growth % and spike buffer in calculations sheet
G62: Required Capacity: | H62: =calculations!B25 -> 1485.9173
G63: Capacity Gap: | H63: =calculations!B27 -> -14.082723
G64: Capacity Gap %: | H64: =calculations!B28 -> -0.0093884817
